tag,direction,n,k,ic,rank_ic,icir,diracc,n_days,top10_spread_bp,top10_abs_bp,bt_annualised,bt_sharpe,bt_max_drawdown,bt_n_days
lstm_ic_h384_l2_w20,inverse,3,3,0.053009816132149834,0.029516807110983173,7.703465158779888,0.5680631890398392,16,-13.913133764617674,-75.02565284084994,2.6814654153059356,2.4494516843512897,-0.07686508179404783,15
lstm_ic_final_h384_l2_w20,inverse,3,3,0.054670368782417295,0.037646332836654535,8.873707700462427,0.5498035285433912,16,14.414500161365135,-57.15602122654673,1.7416612651127568,2.0040206381147003,-0.10752951605387251,15
lstm_ic_final_h384_l2_w20,inverse,5,3,0.054670368782417295,0.037646332836654535,8.873707700462427,0.5498035285433912,16,14.414500161365135,-57.15602122654673,0.9850187070384178,1.888583379352156,-0.07324171437980753,15
lstm_ic_final_h384_l2_w20,inverse,30,1,0.054670368782417295,0.037646332836654535,8.873707700462427,0.5498035285433912,16,14.414500161365135,-57.15602122654673,0.7954157125279124,1.8732453065465482,-0.059751471068453355,15
lstm_ic_h384_l3_w20,inverse,10,10,0.047732990262720765,0.03407750561820361,7.648904620760231,0.4315925307734969,16,6.057088075976931,-57.58855080784997,0.6240414201975026,1.5672686357581755,-0.05638061450852183,15
lstm_ic_final_h384_l2_w20,inverse,3,2,0.054670368782417295,0.037646332836654535,8.873707700462427,0.5498035285433912,16,14.414500161365135,-57.15602122654673,0.5250316525798109,0.9536334941973084,-0.1334074410048417,15
lstm_ic_final_h384_l2_w20,inverse,30,2,0.054670368782417295,0.037646332836654535,8.873707700462427,0.5498035285433912,16,14.414500161365135,-57.15602122654673,0.20834822621508597,0.6717987944992007,-0.057529511248431975,15
lstm_ic_final_h384_l2_w20,inverse,5,5,0.054670368782417295,0.037646332836654535,8.873707700462427,0.5498035285433912,16,14.414500161365135,-57.15602122654673,0.21074100540595442,0.6570411577732431,-0.09327211998438201,15
lstm_ic_h384_l3_w20,inverse,30,1,0.047732990262720765,0.03407750561820361,7.648904620760231,0.4315925307734969,16,6.057088075976931,-57.58855080784997,0.16392659381667585,0.5814067165367256,-0.0502547161752509,15
lstm_ic_final_h384_l2_w20,inverse,10,10,0.054670368782417295,0.037646332836654535,8.873707700462427,0.5498035285433912,16,14.414500161365135,-57.15602122654673,0.12501193741869532,0.5202375952856821,-0.045695122157268675,15
lstm_ic_final_h384_l2_w20,inverse,15,10,0.054670368782417295,0.037646332836654535,8.873707700462427,0.5498035285433912,16,14.414500161365135,-57.15602122654673,0.10311943127583056,0.4649908528917294,-0.05625284381957074,15
lstm_ic_final_h384_l2_w20,inverse,20,1,0.054670368782417295,0.037646332836654535,8.873707700462427,0.5498035285433912,16,14.414500161365135,-57.15602122654673,0.10501069594418633,0.437598990586501,-0.0693472988457654,15
lstm_ic_h384_l3_w20,inverse,30,2,0.047732990262720765,0.03407750561820361,7.648904620760231,0.4315925307734969,16,6.057088075976931,-57.58855080784997,0.07015524569244302,0.35796919342257855,-0.05821585266115814,15
lstm_ic_final_h384_l2_w20,inverse,30,3,0.054670368782417295,0.037646332836654535,8.873707700462427,0.5498035285433912,16,14.414500161365135,-57.15602122654673,0.05269159957711134,0.30990364601145803,-0.05489353204341918,15
lstm_ic_h384_l3_w20,inverse,30,3,0.047732990262720765,0.03407750561820361,7.648904620760231,0.4315925307734969,16,6.057088075976931,-57.58855080784997,0.027171538315028387,0.25031141342545765,-0.06174197652724012,15
lstm_ic_final_h384_l2_w20,inverse,5,1,0.054670368782417295,0.037646332836654535,8.873707700462427,0.5498035285433912,16,14.414500161365135,-57.15602122654673,-0.016208477626523332,0.23871576954129617,-0.12843004697122795,15
lstm_ic_large,inverse,20,1,0.055187056087772295,0.03650761826877622,8.050521069730863,0.4315925307734969,16,-18.47944459314021,-47.60475227521965,0.02161797775761154,0.22673785606500044,-0.06973688827751467,15
lstm_ic_final_h384_l2_w20,inverse,15,1,0.054670368782417295,0.037646332836654535,8.873707700462427,0.5498035285433912,16,14.414500161365135,-57.15602122654673,-0.03431063770037368,0.1126263604257641,-0.09567828572928483,15
lstm_ic_final_h384_l2_w20,inverse,3,1,0.054670368782417295,0.037646332836654535,8.873707700462427,0.5498035285433912,16,14.414500161365135,-57.15602122654673,-0.1574490852820407,0.05317035044492356,-0.16153513109318474,15
lstm_ic_h384_l3_w20,inverse,20,1,0.047732990262720765,0.03407750561820361,7.648904620760231,0.4315925307734969,16,6.057088075976931,-57.58855080784997,-0.07036315318841113,0.026548613205658465,-0.06461963515674773,15
lstm_ic_large,inverse,20,3,0.055187056087772295,0.03650761826877622,8.050521069730863,0.4315925307734969,16,-18.47944459314021,-47.60475227521965,-0.056667215646119096,0.015392168800490293,-0.07482465575391917,15
lstm_ic_final_h384_l2_w20,inverse,10,1,0.054670368782417295,0.037646332836654535,8.873707700462427,0.5498035285433912,16,14.414500161365135,-57.15602122654673,-0.15092832434385062,-0.07535776941483488,-0.11198671727314813,15
lstm_ic_h384_l2_w20,inverse,3,2,0.053009816132149834,0.029516807110983173,7.703465158779888,0.5680631890398392,16,-13.913133764617674,-75.02565284084994,-0.22947440179653522,-0.14477767229144203,-0.11158345200373598,15
lstm_ic_h384_l3_w20,inverse,15,2,0.047732990262720765,0.03407750561820361,7.648904620760231,0.4315925307734969,16,6.057088075976931,-57.58855080784997,-0.1338513101134462,-0.15008818652683062,-0.09356845425636762,15
lstm_ic_h384_l3_w20,inverse,15,1,0.047732990262720765,0.03407750561820361,7.648904620760231,0.4315925307734969,16,6.057088075976931,-57.58855080784997,-0.17164347508471767,-0.297282206227635,-0.07889734739864185,15
lstm_ic_final_h384_l2_w20,inverse,10,3,0.054670368782417295,0.037646332836654535,8.873707700462427,0.5498035285433912,16,14.414500161365135,-57.15602122654673,-0.20273401822038384,-0.3243156044766562,-0.08642010736857175,15
lstm_ic_h384_l2_w20,inverse,5,5,0.053009816132149834,0.029516807110983173,7.703465158779888,0.5680631890398392,16,-13.913133764617674,-75.02565284084994,-0.25726190276576877,-0.34246203574430617,-0.07503547855621517,15
lstm_ic_final_h384_l2_w20,inverse,30,10,0.054670368782417295,0.037646332836654535,8.873707700462427,0.5498035285433912,16,14.414500161365135,-57.15602122654673,-0.15500160601577084,-0.3786107633505972,-0.07074213696612153,15
lstm_ic_h384_l3_w20,inverse,20,2,0.047732990262720765,0.03407750561820361,7.648904620760231,0.4315925307734969,16,6.057088075976931,-57.58855080784997,-0.23617497764346385,-0.4585406258289855,-0.07654723622252191,15
lstm_ic_large,inverse,3,3,0.055187056087772295,0.03650761826877622,8.050521069730863,0.4315925307734969,16,-18.47944459314021,-47.60475227521965,-0.42724045144508505,-0.4902051075898068,-0.15098699869817267,15
lstm_ic_h384_l3_w20,inverse,20,3,0.047732990262720765,0.03407750561820361,7.648904620760231,0.4315925307734969,16,6.057088075976931,-57.58855080784997,-0.25556488919544584,-0.574873049899708,-0.08138116306141796,15
lstm_ic_large,inverse,30,3,0.055187056087772295,0.03650761826877622,8.050521069730863,0.4315925307734969,16,-18.47944459314021,-47.60475227521965,-0.2327113137931467,-0.6252246297074154,-0.061328084897942725,15
lstm_ic_h384_l2_w20,inverse,30,1,0.053009816132149834,0.029516807110983173,7.703465158779888,0.5680631890398392,16,-13.913133764617674,-75.02565284084994,-0.24977261784584281,-0.686241041654466,-0.06407790379501233,15
lstm_ic_large,inverse,20,2,0.055187056087772295,0.03650761826877622,8.050521069730863,0.4315925307734969,16,-18.47944459314021,-47.60475227521965,-0.2603079879431369,-0.6903204457390727,-0.06875869122536205,15
lstm_ic_h384_l2_w20,inverse,30,2,0.053009816132149834,0.029516807110983173,7.703465158779888,0.5680631890398392,16,-13.913133764617674,-75.02565284084994,-0.2702375796524775,-0.7051456207650724,-0.069669093691893,15
lstm_ic_h384_l3_w20,inverse,5,5,0.047732990262720765,0.03407750561820361,7.648904620760231,0.4315925307734969,16,6.057088075976931,-57.58855080784997,-0.34556129126694146,-0.7077919976061916,-0.10281813223114045,15
lstm_ic_large,inverse,30,2,0.055187056087772295,0.03650761826877622,8.050521069730863,0.4315925307734969,16,-18.47944459314021,-47.60475227521965,-0.26106254673856544,-0.7719203832681402,-0.06498260394062161,15
lstm_ic_final_h384_l2_w20,inverse,5,2,0.054670368782417295,0.037646332836654535,8.873707700462427,0.5498035285433912,16,14.414500161365135,-57.15602122654673,-0.4870240587538305,-0.7793281853806768,-0.12879551314140558,15
lstm_ic_final_h384_l2_w20,inverse,30,5,0.054670368782417295,0.037646332836654535,8.873707700462427,0.5498035285433912,16,14.414500161365135,-57.15602122654673,-0.28668612818916794,-0.8017009796831446,-0.07590191328728124,15
lstm_ic_large,inverse,3,2,0.055187056087772295,0.03650761826877622,8.050521069730863,0.4315925307734969,16,-18.47944459314021,-47.60475227521965,-0.5287004706989462,-0.8072390979273042,-0.14887347420950148,15
lstm_ic_final_h384_l2_w20,inverse,20,3,0.054670368782417295,0.037646332836654535,8.873707700462427,0.5498035285433912,16,14.414500161365135,-57.15602122654673,-0.3227612164119906,-0.8483090050394552,-0.07648774228459132,15
lstm_ic_h384_l3_w20,inverse,10,3,0.047732990262720765,0.03407750561820361,7.648904620760231,0.4315925307734969,16,6.057088075976931,-57.58855080784997,-0.3675222799726615,-0.8545056555293697,-0.09148915473519525,15
lstm_ic_h384_l3_w20,inverse,15,3,0.047732990262720765,0.03407750561820361,7.648904620760231,0.4315925307734969,16,6.057088075976931,-57.58855080784997,-0.3426883575761861,-0.8567065005019519,-0.09424852501791914,15
lstm_ic_large,inverse,10,10,0.055187056087772295,0.03650761826877622,8.050521069730863,0.4315925307734969,16,-18.47944459314021,-47.60475227521965,-0.31538720170125856,-0.8572889362746691,-0.10532467582607163,15
lstm_ic_large,inverse,30,5,0.055187056087772295,0.03650761826877622,8.050521069730863,0.4315925307734969,16,-18.47944459314021,-47.60475227521965,-0.31259214964345294,-0.8945603786564678,-0.07050030320316603,15
lstm_ic_h384_l3_w20,inverse,10,5,0.047732990262720765,0.03407750561820361,7.648904620760231,0.4315925307734969,16,6.057088075976931,-57.58855080784997,-0.40987275462793105,-1.013778512327118,-0.08598697804551825,15
lstm_ic_final_h384_l2_w20,inverse,20,10,0.054670368782417295,0.037646332836654535,8.873707700462427,0.5498035285433912,16,14.414500161365135,-57.15602122654673,-0.3057095009440962,-1.0165631657767533,-0.08660760974591541,15
lstm_ic_h384_l2_w20,inverse,5,3,0.053009816132149834,0.029516807110983173,7.703465158779888,0.5680631890398392,16,-13.913133764617674,-75.02565284084994,-0.5216004244215886,-1.1299709371471969,-0.09877328524367623,15
lstm_ic_h256_l3_w40,inverse,30,2,0.047726372062765726,0.03343103133692727,7.352879377395689,0.5658033541842851,16,64.14150222190074,-29.92695501598063,-0.3650872365945249,-1.2169052716374331,-0.06678266844442848,15
lstm_ic_h256_l3_w40,inverse,30,1,0.047726372062765726,0.03343103133692727,7.352879377395689,0.5658033541842851,16,64.14150222190074,-29.92695501598063,-0.39183434162944275,-1.2651673526684828,-0.06521686903975032,15
lstm_ic_h384_l2_w20,inverse,20,1,0.053009816132149834,0.029516807110983173,7.703465158779888,0.5680631890398392,16,-13.913133764617674,-75.02565284084994,-0.4444342364989837,-1.3184613060883823,-0.07710460447526168,15
lstm_ic_large,inverse,20,5,0.055187056087772295,0.03650761826877622,8.050521069730863,0.4315925307734969,16,-18.47944459314021,-47.60475227521965,-0.4396869099059575,-1.4933227819348298,-0.0896618345067337,15
lstm_ic_large,inverse,30,1,0.055187056087772295,0.03650761826877622,8.050521069730863,0.4315925307734969,16,-18.47944459314021,-47.60475227521965,-0.4235226273055869,-1.5303728161632149,-0.07345341222783153,15
lstm_ic_large,inverse,3,1,0.055187056087772295,0.03650761826877622,8.050521069730863,0.4315925307734969,16,-18.47944459314021,-47.60475227521965,-0.8166422823692655,-1.6717775258161487,-0.21847664384646648,15
lstm_ic_h384_l2_w20,inverse,20,2,0.053009816132149834,0.029516807110983173,7.703465158779888,0.5680631890398392,16,-13.913133764617674,-75.02565284084994,-0.4845139461184941,-1.6905110578531268,-0.08925525621878594,15
lstm_ic_h384_l2_w20,inverse,5,1,0.053009816132149834,0.029516807110983173,7.703465158779888,0.5680631890398392,16,-13.913133764617674,-75.02565284084994,-0.7240981528060744,-1.7436412420179543,-0.15668182587988622,15
lstm_ic_h384_l3_w20,inverse,10,1,0.047732990262720765,0.03407750561820361,7.648904620760231,0.4315925307734969,16,6.057088075976931,-57.58855080784997,-0.5772569442532526,-1.7971551412275915,-0.11181348820108061,15
lstm_ic_h384_l3_w20,inverse,10,2,0.047732990262720765,0.03407750561820361,7.648904620760231,0.4315925307734969,16,6.057088075976931,-57.58855080784997,-0.5892500643736813,-1.7989845614243127,-0.10567798553094321,15
lstm_ic_final_h384_l2_w20,inverse,15,3,0.054670368782417295,0.037646332836654535,8.873707700462427,0.5498035285433912,16,14.414500161365135,-57.15602122654673,-0.5536114145732461,-1.8076327339228728,-0.09346186663522449,15
lstm_ic_h384_l2_w20,inverse,30,3,0.053009816132149834,0.029516807110983173,7.703465158779888,0.5680631890398392,16,-13.913133764617674,-75.02565284084994,-0.4770353057718897,-1.8123187420867553,-0.08912002696751065,15
lstm_ic_h384_l3_w20,inverse,15,5,0.047732990262720765,0.03407750561820361,7.648904620760231,0.4315925307734969,16,6.057088075976931,-57.58855080784997,-0.5627751782540483,-1.9858955141941486,-0.11151909873096966,15
lstm_ic_large,inverse,10,5,0.055187056087772295,0.03650761826877622,8.050521069730863,0.4315925307734969,16,-18.47944459314021,-47.60475227521965,-0.5729486765678261,-1.99484890427081,-0.10576829977453495,15
lstm_ic_large,inverse,20,10,0.055187056087772295,0.03650761826877622,8.050521069730863,0.4315925307734969,16,-18.47944459314021,-47.60475227521965,-0.47564857084194545,-2.004642767009668,-0.08277104338656927,15
lstm_ic_large,inverse,5,5,0.055187056087772295,0.03650761826877622,8.050521069730863,0.4315925307734969,16,-18.47944459314021,-47.60475227521965,-0.6633696214928396,-2.031074925957015,-0.11712319978542496,15
lstm_ic_final_h384_l2_w20,inverse,10,2,0.054670368782417295,0.037646332836654535,8.873707700462427,0.5498035285433912,16,14.414500161365135,-57.15602122654673,-0.6627119667824493,-2.061357319445083,-0.13478067992577747,15
lstm_ic_final_h384_l2_w20,inverse,15,5,0.054670368782417295,0.037646332836654535,8.873707700462427,0.5498035285433912,16,14.414500161365135,-57.15602122654673,-0.5586833778301554,-2.0656394174231054,-0.10195763888817388,15
lstm_ic_final_h384_l2_w20,inverse,20,2,0.054670368782417295,0.037646332836654535,8.873707700462427,0.5498035285433912,16,14.414500161365135,-57.15602122654673,-0.6033278260451909,-2.0849644994472185,-0.09288029879034665,15
lstm_ic_h384_l2_w20,inverse,30,5,0.053009816132149834,0.029516807110983173,7.703465158779888,0.5680631890398392,16,-13.913133764617674,-75.02565284084994,-0.5283594522967229,-2.101721663515294,-0.0947654912168635,15
lstm_ic_h256_l3_w40,inverse,20,1,0.047726372062765726,0.03343103133692727,7.352879377395689,0.5658033541842851,16,64.14150222190074,-29.92695501598063,-0.6106143408471416,-2.1366861556986048,-0.0825020578421175,15
lstm_ic_h384_l3_w20,inverse,30,5,0.047732990262720765,0.03407750561820361,7.648904620760231,0.4315925307734969,16,6.057088075976931,-57.58855080784997,-0.5546636249976595,-2.1524779059188335,-0.0913527276959496,15
lstm_ic_h384_l2_w20,inverse,15,10,0.053009816132149834,0.029516807110983173,7.703465158779888,0.5680631890398392,16,-13.913133764617674,-75.02565284084994,-0.5263496682192863,-2.1576657760750733,-0.08112279762454555,15
lstm_ic_large,inverse,15,5,0.055187056087772295,0.03650761826877622,8.050521069730863,0.4315925307734969,16,-18.47944459314021,-47.60475227521965,-0.5695214058491214,-2.2645039239400315,-0.09816746853302394,15
lstm_ic_h256_l3_w40,inverse,20,2,0.047726372062765726,0.03343103133692727,7.352879377395689,0.5658033541842851,16,64.14150222190074,-29.92695501598063,-0.592403784773931,-2.2813290692311634,-0.07730184572785082,15
lstm_ic_final_h384_l2_w20,inverse,10,5,0.054670368782417295,0.037646332836654535,8.873707700462427,0.5498035285433912,16,14.414500161365135,-57.15602122654673,-0.642939221819566,-2.320487284783249,-0.1164721766234299,15
lstm_ic_h384_l3_w20,inverse,5,3,0.047732990262720765,0.03407750561820361,7.648904620760231,0.4315925307734969,16,6.057088075976931,-57.58855080784997,-0.799536926350547,-2.3258807971030104,-0.17368711102316758,15
lstm_ic_large,inverse,5,1,0.055187056087772295,0.03650761826877622,8.050521069730863,0.4315925307734969,16,-18.47944459314021,-47.60475227521965,-0.8404371539087147,-2.3384659755884467,-0.20279265731904927,15
lstm_ic_final_h384_l2_w20,inverse,20,5,0.054670368782417295,0.037646332836654535,8.873707700462427,0.5498035285433912,16,14.414500161365135,-57.15602122654673,-0.5790601964362574,-2.4115070206892546,-0.09088689278412299,15
lstm_ic_h384_l3_w20,inverse,15,10,0.047732990262720765,0.03407750561820361,7.648904620760231,0.4315925307734969,16,6.057088075976931,-57.58855080784997,-0.5573512382747574,-2.4171793586262327,-0.08893934719444208,15
lstm_ic_h256_l3_w40,inverse,15,2,0.047726372062765726,0.03343103133692727,7.352879377395689,0.5658033541842851,16,64.14150222190074,-29.92695501598063,-0.6689617713451026,-2.4502444608869265,-0.09905944517891596,15
lstm_ic_large,inverse,15,10,0.055187056087772295,0.03650761826877622,8.050521069730863,0.4315925307734969,16,-18.47944459314021,-47.60475227521965,-0.5405979975396646,-2.463884174452558,-0.08728355803042587,15
lstm_ic_h384_l2_w20,inverse,3,1,0.053009816132149834,0.029516807110983173,7.703465158779888,0.5680631890398392,16,-13.913133764617674,-75.02565284084994,-0.8624237539309796,-2.4953420980320398,-0.20645053693372828,15
lstm_ic_large,inverse,5,3,0.055187056087772295,0.03650761826877622,8.050521069730863,0.4315925307734969,16,-18.47944459314021,-47.60475227521965,-0.793438222396637,-2.5389038480128945,-0.13626081741757567,15
lstm_ic_large,inverse,30,10,0.055187056087772295,0.03650761826877622,8.050521069730863,0.4315925307734969,16,-18.47944459314021,-47.60475227521965,-0.5871657195032262,-2.5593448280355515,-0.10034269044763333,15
lstm_ic_large,inverse,15,2,0.055187056087772295,0.03650761826877622,8.050521069730863,0.4315925307734969,16,-18.47944459314021,-47.60475227521965,-0.6723353333854332,-2.6247635752773477,-0.09373540257761392,15
lstm_ic_h384_l2_w20,inverse,15,1,0.053009816132149834,0.029516807110983173,7.703465158779888,0.5680631890398392,16,-13.913133764617674,-75.02565284084994,-0.6855675057979058,-2.625821490551397,-0.10350532246499611,15
lstm_ic_large,inverse,15,3,0.055187056087772295,0.03650761826877622,8.050521069730863,0.4315925307734969,16,-18.47944459314021,-47.60475227521965,-0.6712653166655529,-2.6401395614372505,-0.09347959593606903,15
lstm_ic_h256_l3_w40,inverse,3,3,0.047726372062765726,0.03343103133692727,7.352879377395689,0.5658033541842851,16,64.14150222190074,-29.92695501598063,-0.9102292800305757,-2.684257581519618,-0.15687701359066142,15
lstm_ic_h384_l2_w20,forward,3,3,-0.053009816132149834,-0.029516807110983173,-7.703465158779888,0.4319368109601608,16,13.913133764617674,-61.11251907623227,-0.6429596115689191,-2.7571915428341844,-0.13042195670581946,15
lstm_ic_large,inverse,10,3,0.055187056087772295,0.03650761826877622,8.050521069730863,0.4315925307734969,16,-18.47944459314021,-47.60475227521965,-0.6991590869072645,-2.7910645924195565,-0.1058960503620745,15
lstm_ic_h384_l2_w20,inverse,10,1,0.053009816132149834,0.029516807110983173,7.703465158779888,0.5680631890398392,16,-13.913133764617674,-75.02565284084994,-0.7479253985421974,-2.83586597880416,-0.11680412464722967,15
lstm_ic_h384_l3_w20,inverse,3,1,0.047732990262720765,0.03407750561820361,7.648904620760231,0.4315925307734969,16,6.057088075976931,-57.58855080784997,-0.8897501171904144,-2.8408597729784266,-0.21297387589640293,15
lstm_ic_h384_l2_w20,inverse,15,3,0.053009816132149834,0.029516807110983173,7.703465158779888,0.5680631890398392,16,-13.913133764617674,-75.02565284084994,-0.6534568334091718,-2.8453323522078393,-0.11542282369992796,15
lstm_ic_h384_l2_w20,inverse,15,2,0.053009816132149834,0.029516807110983173,7.703465158779888,0.5680631890398392,16,-13.913133764617674,-75.02565284084994,-0.6676766597622197,-2.855171929481145,-0.11720036148386148,15
lstm_ic_h384_l2_w20,inverse,30,10,0.053009816132149834,0.029516807110983173,7.703465158779888,0.5680631890398392,16,-13.913133764617674,-75.02565284084994,-0.6394733110121811,-2.941126029245733,-0.09798836925541321,15
lstm_ic_large,forward,3,3,-0.055187056087772295,-0.03650761826877622,-8.050521069730863,0.5684074692265031,16,18.47944459314021,-29.125307682079438,-0.6165191148523206,-3.0248928732358484,-0.09945068995215389,15
lstm_ic_large,inverse,10,1,0.055187056087772295,0.03650761826877622,8.050521069730863,0.4315925307734969,16,-18.47944459314021,-47.60475227521965,-0.803577273723425,-3.0410137325423503,-0.13951976712003977,15
lstm_ic_h384_l2_w20,inverse,10,10,0.053009816132149834,0.029516807110983173,7.703465158779888,0.5680631890398392,16,-13.913133764617674,-75.02565284084994,-0.6970370241323864,-3.043913033275684,-0.11027218843492514,15
lstm_ic_h384_l2_w20,inverse,20,3,0.053009816132149834,0.029516807110983173,7.703465158779888,0.5680631890398392,16,-13.913133764617674,-75.02565284084994,-0.7040407312839702,-3.106498369426925,-0.12222936045019839,15
lstm_ic_final_h384_l2_w20,inverse,15,2,0.054670368782417295,0.037646332836654535,8.873707700462427,0.5498035285433912,16,14.414500161365135,-57.15602122654673,-0.7472267727890323,-3.1328589311438737,-0.1149263210221988,15
lstm_ic_large,inverse,5,2,0.055187056087772295,0.03650761826877622,8.050521069730863,0.4315925307734969,16,-18.47944459314021,-47.60475227521965,-0.8578050878693659,-3.1523027556673364,-0.15654903379891005,15
lstm_ic_h384_l3_w20,inverse,30,10,0.047732990262720765,0.03407750561820361,7.648904620760231,0.4315925307734969,16,6.057088075976931,-57.58855080784997,-0.6892459541408212,-3.174819346977879,-0.11374074227386544,15
lstm_ic_h384_l2_w20,inverse,5,2,0.053009816132149834,0.029516807110983173,7.703465158779888,0.5680631890398392,16,-13.913133764617674,-75.02565284084994,-0.8252825018200338,-3.1855595704826354,-0.1292573017573697,15
lstm_ic_h256_l3_w40,inverse,30,5,0.047726372062765726,0.03343103133692727,7.352879377395689,0.5658033541842851,16,64.14150222190074,-29.92695501598063,-0.6927001427404016,-3.2523584685863267,-0.10398071775873141,15
lstm_ic_h384_l2_w20,forward,3,2,-0.053009816132149834,-0.029516807110983173,-7.703465158779888,0.4319368109601608,16,13.913133764617674,-61.11251907623227,-0.7231137973010231,-3.3032179566235995,-0.14681235519274138,15
lstm_ic_h384_l2_w20,inverse,20,10,0.053009816132149834,0.029516807110983173,7.703465158779888,0.5680631890398392,16,-13.913133764617674,-75.02565284084994,-0.6946185419774111,-3.3324636592816357,-0.10464003325616533,15
lstm_ic_h384_l3_w20,inverse,20,5,0.047732990262720765,0.03407750561820361,7.648904620760231,0.4315925307734969,16,6.057088075976931,-57.58855080784997,-0.7543406698472526,-3.4366786056816157,-0.13042989934593652,15
lstm_ic_h256_l3_w40,inverse,15,1,0.047726372062765726,0.03343103133692727,7.352879377395689,0.5658033541842851,16,64.14150222190074,-29.92695501598063,-0.7565339968226547,-3.4443579109659113,-0.11423947951283664,15
lstm_ic_h384_l2_w20,forward,3,1,-0.053009816132149834,-0.029516807110983173,-7.703465158779888,0.4319368109601608,16,13.913133764617674,-61.11251907623227,-0.69044972252439,-3.4766785803697116,-0.13544335907287897,15
lstm_ic_large,forward,5,1,-0.055187056087772295,-0.03650761826877622,-8.050521069730863,0.5684074692265031,16,18.47944459314021,-29.125307682079438,-0.6581737970014974,-3.4810356184644444,-0.08547321466658997,15
lstm_ic_h256_l3_w40,inverse,30,3,0.047726372062765726,0.03343103133692727,7.352879377395689,0.5658033541842851,16,64.14150222190074,-29.92695501598063,-0.6992943496687627,-3.5785769544029087,-0.10437748277203152,15
lstm_ic_h256_l3_w40,inverse,20,3,0.047726372062765726,0.03343103133692727,7.352879377395689,0.5658033541842851,16,64.14150222190074,-29.92695501598063,-0.736454734854073,-3.611321380449091,-0.10726150089791586,15
lstm_ic_h384_l2_w20,inverse,10,3,0.053009816132149834,0.029516807110983173,7.703465158779888,0.5680631890398392,16,-13.913133764617674,-75.02565284084994,-0.764660108338241,-3.6852102364862835,-0.12436343650796733,15
lstm_ic_h384_l3_w20,inverse,3,3,0.047732990262720765,0.03407750561820361,7.648904620760231,0.4315925307734969,16,6.057088075976931,-57.58855080784997,-0.924046280411263,-3.700072171547014,-0.20935771039750295,15
lstm_ic_h384_l3_w20,inverse,20,10,0.047732990262720765,0.03407750561820361,7.648904620760231,0.4315925307734969,16,6.057088075976931,-57.58855080784997,-0.7373630087761989,-3.7305034702780495,-0.11473740807417909,15
lstm_ic_large,inverse,15,1,0.055187056087772295,0.03650761826877622,8.050521069730863,0.4315925307734969,16,-18.47944459314021,-47.60475227521965,-0.7861825299911783,-3.7499750981355997,-0.11163818490739985,15
lstm_ic_h256_l3_w40,inverse,10,1,0.047726372062765726,0.03343103133692727,7.352879377395689,0.5658033541842851,16,64.14150222190074,-29.92695501598063,-0.8628890818033208,-3.9100760336976315,-0.1473064234453727,15
lstm_ic_h256_l3_w40,inverse,5,1,0.047726372062765726,0.03343103133692727,7.352879377395689,0.5658033541842851,16,64.14150222190074,-29.92695501598063,-0.9213266123895933,-4.089538761079666,-0.17232192444365224,15
lstm_ic_h256_l3_w40,inverse,3,2,0.047726372062765726,0.03343103133692727,7.352879377395689,0.5658033541842851,16,64.14150222190074,-29.92695501598063,-0.9782213038985994,-4.089992126990811,-0.22458967141559327,15
lstm_ic_large,inverse,10,2,0.055187056087772295,0.03650761826877622,8.050521069730863,0.4315925307734969,16,-18.47944459314021,-47.60475227521965,-0.8420755589056469,-4.118892661673969,-0.1431522381282042,15
lstm_ic_h256_l3_w40,inverse,30,10,0.047726372062765726,0.03343103133692727,7.352879377395689,0.5658033541842851,16,64.14150222190074,-29.92695501598063,-0.7128356902010758,-4.148058256261135,-0.09823702306661675,15
lstm_ic_h384_l2_w20,inverse,10,5,0.053009816132149834,0.029516807110983173,7.703465158779888,0.5680631890398392,16,-13.913133764617674,-75.02565284084994,-0.7985641865754263,-4.17676810514379,-0.13890680997167704,15
lstm_ic_h384_l2_w20,inverse,10,2,0.053009816132149834,0.029516807110983173,7.703465158779888,0.5680631890398392,16,-13.913133764617674,-75.02565284084994,-0.7856654787280491,-4.211210740208993,-0.11189057510809519,15
lstm_ic_large,forward,3,1,-0.055187056087772295,-0.03650761826877622,-8.050521069730863,0.5684074692265031,16,18.47944459314021,-29.125307682079438,-0.7947104565432115,-4.21409915766544,-0.12176566238837427,15
lstm_ic_h256_l3_w40,inverse,15,3,0.047726372062765726,0.03343103133692727,7.352879377395689,0.5658033541842851,16,64.14150222190074,-29.92695501598063,-0.8289956084702622,-4.320040883437078,-0.1308443739947499,15
lstm_ic_h384_l3_w20,inverse,5,1,0.047732990262720765,0.03407750561820361,7.648904620760231,0.4315925307734969,16,6.057088075976931,-57.58855080784997,-0.9031836140893607,-4.4014388207108865,-0.17726160438353522,15
lstm_ic_large,forward,5,3,-0.055187056087772295,-0.03650761826877622,-8.050521069730863,0.5684074692265031,16,18.47944459314021,-29.125307682079438,-0.7402146505376899,-4.503757852557481,-0.10233134403037658,15
lstm_ic_h384_l2_w20,inverse,15,5,0.053009816132149834,0.029516807110983173,7.703465158779888,0.5680631890398392,16,-13.913133764617674,-75.02565284084994,-0.8203601783784613,-4.585438083008135,-0.14280063834884282,15
lstm_ic_h256_l3_w40,inverse,15,10,0.047726372062765726,0.03343103133692727,7.352879377395689,0.5658033541842851,16,64.14150222190074,-29.92695501598063,-0.8280177946827559,-4.597553152072677,-0.13947164439699666,15
lstm_ic_h384_l2_w20,forward,5,2,-0.053009816132149834,-0.029516807110983173,-7.703465158779888,0.4319368109601608,16,13.913133764617674,-61.11251907623227,-0.7409546555595041,-4.667069148429919,-0.1277031891042777,15
lstm_ic_h256_l3_w40,inverse,5,2,0.047726372062765726,0.03343103133692727,7.352879377395689,0.5658033541842851,16,64.14150222190074,-29.92695501598063,-0.9494719260568917,-4.672231475325334,-0.19385101045914666,15
lstm_ic_h384_l2_w20,forward,5,5,-0.053009816132149834,-0.029516807110983173,-7.703465158779888,0.4319368109601608,16,13.913133764617674,-61.11251907623227,-0.7434105709542556,-4.715083940781212,-0.12132107238875178,15
lstm_ic_h384_l3_w20,inverse,3,2,0.047732990262720765,0.03407750561820361,7.648904620760231,0.4315925307734969,16,6.057088075976931,-57.58855080784997,-0.9696388393069513,-4.758645522555026,-0.2591834530010846,15
lstm_ic_h256_l3_w40,inverse,10,5,0.047726372062765726,0.03343103133692727,7.352879377395689,0.5658033541842851,16,64.14150222190074,-29.92695501598063,-0.8961152154400341,-4.871958858056075,-0.17528696608393657,15
lstm_ic_h256_l3_w40,inverse,10,2,0.047726372062765726,0.03343103133692727,7.352879377395689,0.5658033541842851,16,64.14150222190074,-29.92695501598063,-0.9394071184492462,-4.874444647316437,-0.18396240888470627,15
lstm_ic_large,forward,10,10,-0.055187056087772295,-0.03650761826877622,-8.050521069730863,0.5684074692265031,16,18.47944459314021,-29.125307682079438,-0.7774777560312488,-4.9302745101002055,-0.11635700522775139,15
lstm_ic_h256_l3_w40,inverse,20,10,0.047726372062765726,0.03343103133692727,7.352879377395689,0.5658033541842851,16,64.14150222190074,-29.92695501598063,-0.7928233334716681,-4.979607591666111,-0.11652508435224418,15
lstm_ic_h256_l3_w40,inverse,3,1,0.047726372062765726,0.03343103133692727,7.352879377395689,0.5658033541842851,16,64.14150222190074,-29.92695501598063,-0.978884438045217,-5.070461435718149,-0.22601557286848195,15
lstm_ic_h384_l2_w20,forward,5,3,-0.053009816132149834,-0.029516807110983173,-7.703465158779888,0.4319368109601608,16,13.913133764617674,-61.11251907623227,-0.9105873499089976,-5.182280257202454,-0.17394996932630247,15
lstm_ic_large,forward,30,5,-0.055187056087772295,-0.03650761826877622,-8.050521069730863,0.5684074692265031,16,18.47944459314021,-29.125307682079438,-0.7563150129835408,-5.275085305847785,-0.1058538015338144,15
lstm_ic_h384_l2_w20,inverse,20,5,0.053009816132149834,0.029516807110983173,7.703465158779888,0.5680631890398392,16,-13.913133764617674,-75.02565284084994,-0.8298027743827973,-5.29361361827162,-0.13785266954234732,15
lstm_ic_h384_l2_w20,forward,5,1,-0.053009816132149834,-0.029516807110983173,-7.703465158779888,0.4319368109601608,16,13.913133764617674,-61.11251907623227,-0.7797456750815294,-5.301577896934025,-0.13127177745957264,15
lstm_ic_h384_l3_w20,inverse,5,2,0.047732990262720765,0.03407750561820361,7.648904620760231,0.4315925307734969,16,6.057088075976931,-57.58855080784997,-0.9545681681902655,-5.348724877152016,-0.2031704201313238,15
lstm_ic_h256_l3_w40,inverse,15,5,0.047726372062765726,0.03343103133692727,7.352879377395689,0.5658033541842851,16,64.14150222190074,-29.92695501598063,-0.8849833258817896,-5.429836694574304,-0.15427188920664192,15
lstm_ic_h256_l3_w40,inverse,10,10,0.047726372062765726,0.03343103133692727,7.352879377395689,0.5658033541842851,16,64.14150222190074,-29.92695501598063,-0.8849139335245451,-5.485047182343245,-0.16496533799317448,15
lstm_ic_large,forward,15,1,-0.055187056087772295,-0.03650761826877622,-8.050521069730863,0.5684074692265031,16,18.47944459314021,-29.125307682079438,-0.7243871931781509,-5.662446067281255,-0.09046510413432207,15
lstm_ic_large,forward,3,2,-0.055187056087772295,-0.03650761826877622,-8.050521069730863,0.5684074692265031,16,18.47944459314021,-29.125307682079438,-0.9494728052569421,-5.714209551587616,-0.1866851472278206,15
lstm_ic_large,forward,20,5,-0.055187056087772295,-0.03650761826877622,-8.050521069730863,0.5684074692265031,16,18.47944459314021,-29.125307682079438,-0.8064627478323467,-5.728968368962649,-0.11920003365447096,15
lstm_ic_large,forward,10,1,-0.055187056087772295,-0.03650761826877622,-8.050521069730863,0.5684074692265031,16,18.47944459314021,-29.125307682079438,-0.7516305421575369,-5.793971636078417,-0.09101780686752103,15
lstm_ic_h384_l3_w20,forward,3,2,-0.047732990262720765,-0.03407750561820361,-7.648904620760231,0.5684074692265031,16,-6.057088075976931,-63.645638883826905,-0.9656667522555155,-5.849923661475349,-0.2624570542931973,15
lstm_ic_large,forward,5,2,-0.055187056087772295,-0.03650761826877622,-8.050521069730863,0.5684074692265031,16,18.47944459314021,-29.125307682079438,-0.9016066316742458,-5.856360963113303,-0.14719219198709943,15
lstm_ic_h384_l3_w20,forward,3,3,-0.047732990262720765,-0.03407750561820361,-7.648904620760231,0.5684074692265031,16,-6.057088075976931,-63.645638883826905,-0.9671567164949307,-5.928292144425737,-0.2641203965938238,15
lstm_ic_h384_l2_w20,forward,10,1,-0.053009816132149834,-0.029516807110983173,-7.703465158779888,0.4319368109601608,16,13.913133764617674,-61.11251907623227,-0.750493112210532,-6.04961522783545,-0.10447201165641273,15
lstm_ic_h256_l3_w40,inverse,20,5,0.047726372062765726,0.03343103133692727,7.352879377395689,0.5658033541842851,16,64.14150222190074,-29.92695501598063,-0.899787624808947,-6.050026697981205,-0.15467529363549115,15
lstm_ic_large,forward,20,1,-0.055187056087772295,-0.03650761826877622,-8.050521069730863,0.5684074692265031,16,18.47944459314021,-29.125307682079438,-0.7517177363537324,-6.056012959067931,-0.09886215767283324,15
lstm_ic_h256_l3_w40,inverse,10,3,0.047726372062765726,0.03343103133692727,7.352879377395689,0.5658033541842851,16,64.14150222190074,-29.92695501598063,-0.934509900744699,-6.129189136321044,-0.18017844192834553,15
lstm_ic_large,forward,5,5,-0.055187056087772295,-0.03650761826877622,-8.050521069730863,0.5684074692265031,16,18.47944459314021,-29.125307682079438,-0.8099256618086075,-6.152604774430127,-0.11379317611350104,15
lstm_ic_h256_l3_w40,inverse,5,5,0.047726372062765726,0.03343103133692727,7.352879377395689,0.5658033541842851,16,64.14150222190074,-29.92695501598063,-0.9739003926646431,-6.25575292628598,-0.22493521322988907,15
lstm_ic_h384_l2_w20,forward,20,2,-0.053009816132149834,-0.029516807110983173,-7.703465158779888,0.4319368109601608,16,13.913133764617674,-61.11251907623227,-0.7714172858569623,-6.262689358498289,-0.10708891595044645,15
lstm_ic_large,forward,20,3,-0.055187056087772295,-0.03650761826877622,-8.050521069730863,0.5684074692265031,16,18.47944459314021,-29.125307682079438,-0.8291477202214496,-6.285893941686794,-0.11873336017284397,15
lstm_ic_large,forward,30,1,-0.055187056087772295,-0.03650761826877622,-8.050521069730863,0.5684074692265031,16,18.47944459314021,-29.125307682079438,-0.7478669438063532,-6.42301529599416,-0.09826151972848518,15
lstm_ic_large,forward,15,2,-0.055187056087772295,-0.03650761826877622,-8.050521069730863,0.5684074692265031,16,18.47944459314021,-29.125307682079438,-0.8407028127680993,-6.424196623323831,-0.11967331970595707,15
lstm_ic_h384_l2_w20,forward,20,1,-0.053009816132149834,-0.029516807110983173,-7.703465158779888,0.4319368109601608,16,13.913133764617674,-61.11251907623227,-0.7647523269202974,-6.447756209516031,-0.10448266610332946,15
lstm_ic_large,forward,30,3,-0.055187056087772295,-0.03650761826877622,-8.050521069730863,0.5684074692265031,16,18.47944459314021,-29.125307682079438,-0.8057212815141966,-6.482142221684762,-0.11207234728589077,15
lstm_ic_h384_l2_w20,forward,30,1,-0.053009816132149834,-0.029516807110983173,-7.703465158779888,0.4319368109601608,16,13.913133764617674,-61.11251907623227,-0.7493464555310855,-6.530357312206891,-0.09610298497051306,15
lstm_ic_large,forward,20,2,-0.055187056087772295,-0.03650761826877622,-8.050521069730863,0.5684074692265031,16,18.47944459314021,-29.125307682079438,-0.8324620731574123,-6.5552780213198725,-0.12047913377127939,15
lstm_ic_h256_l3_w40,inverse,5,3,0.047726372062765726,0.03343103133692727,7.352879377395689,0.5658033541842851,16,64.14150222190074,-29.92695501598063,-0.9802626807216718,-6.571634197938868,-0.23771909396893964,15
lstm_ic_large,forward,15,3,-0.055187056087772295,-0.03650761826877622,-8.050521069730863,0.5684074692265031,16,18.47944459314021,-29.125307682079438,-0.8670785648512638,-6.63100562330183,-0.12835116799432011,15
lstm_ic_large,forward,10,2,-0.055187056087772295,-0.03650761826877622,-8.050521069730863,0.5684074692265031,16,18.47944459314021,-29.125307682079438,-0.8885927715599939,-6.644715137520862,-0.13331525104857567,15
lstm_ic_large,forward,15,10,-0.055187056087772295,-0.03650761826877622,-8.050521069730863,0.5684074692265031,16,18.47944459314021,-29.125307682079438,-0.814841173413992,-6.675115777136497,-0.11737278704729015,15
lstm_ic_large,forward,10,5,-0.055187056087772295,-0.03650761826877622,-8.050521069730863,0.5684074692265031,16,18.47944459314021,-29.125307682079438,-0.8737981892219697,-6.693018229589045,-0.13642064548947186,15
lstm_ic_h384_l2_w20,forward,10,5,-0.053009816132149834,-0.029516807110983173,-7.703465158779888,0.4319368109601608,16,13.913133764617674,-61.11251907623227,-0.868798937170721,-6.718768346303934,-0.1421857876635103,15
lstm_ic_h384_l3_w20,forward,3,1,-0.047732990262720765,-0.03407750561820361,-7.648904620760231,0.5684074692265031,16,-6.057088075976931,-63.645638883826905,-0.9757533435494478,-6.815608095241655,-0.2778471614488438,15
lstm_ic_h384_l2_w20,forward,10,10,-0.053009816132149834,-0.029516807110983173,-7.703465158779888,0.4319368109601608,16,13.913133764617674,-61.11251907623227,-0.8755843417274867,-6.856458914327409,-0.1437018921543869,15
lstm_ic_h384_l2_w20,forward,30,2,-0.053009816132149834,-0.029516807110983173,-7.703465158779888,0.4319368109601608,16,13.913133764617674,-61.11251907623227,-0.7800580147325991,-7.096540721542623,-0.10374276895087298,15
lstm_ic_large,forward,30,2,-0.055187056087772295,-0.03650761826877622,-8.050521069730863,0.5684074692265031,16,18.47944459314021,-29.125307682079438,-0.822704698269966,-7.139536345002569,-0.11655660277934299,15
lstm_ic_large,forward,15,5,-0.055187056087772295,-0.03650761826877622,-8.050521069730863,0.5684074692265031,16,18.47944459314021,-29.125307682079438,-0.8794274960227102,-7.247248707086648,-0.134459248281102,15
lstm_ic_large,forward,30,10,-0.055187056087772295,-0.03650761826877622,-8.050521069730863,0.5684074692265031,16,18.47944459314021,-29.125307682079438,-0.8374740176860145,-7.263234601181252,-0.12211224456628178,15
lstm_ic_h384_l2_w20,forward,30,3,-0.053009816132149834,-0.029516807110983173,-7.703465158779888,0.4319368109601608,16,13.913133764617674,-61.11251907623227,-0.8453605467151502,-7.311618409984014,-0.12397151450733057,15
lstm_ic_large,forward,10,3,-0.055187056087772295,-0.03650761826877622,-8.050521069730863,0.5684074692265031,16,18.47944459314021,-29.125307682079438,-0.9197340861046301,-7.347097121263953,-0.15143215239102747,15
lstm_ic_h384_l2_w20,forward,20,3,-0.053009816132149834,-0.029516807110983173,-7.703465158779888,0.4319368109601608,16,13.913133764617674,-61.11251907623227,-0.8680554962511313,-7.349893109391603,-0.13566185760871186,15
lstm_ic_h384_l2_w20,forward,10,2,-0.053009816132149834,-0.029516807110983173,-7.703465158779888,0.4319368109601608,16,13.913133764617674,-61.11251907623227,-0.8241047013058909,-7.372345833531189,-0.12336191400435204,15
lstm_ic_h384_l2_w20,forward,15,2,-0.053009816132149834,-0.029516807110983173,-7.703465158779888,0.4319368109601608,16,13.913133764617674,-61.11251907623227,-0.8182914553642965,-7.447800764703841,-0.11843837720500339,15
lstm_ic_h384_l2_w20,forward,15,1,-0.053009816132149834,-0.029516807110983173,-7.703465158779888,0.4319368109601608,16,13.913133764617674,-61.11251907623227,-0.8214947336052296,-7.4982633680238,-0.1186119900530005,15
lstm_ic_large,forward,20,10,-0.055187056087772295,-0.03650761826877622,-8.050521069730863,0.5684074692265031,16,18.47944459314021,-29.125307682079438,-0.83428125184085,-7.554265052905741,-0.11893661183838755,15
lstm_ic_h384_l2_w20,forward,10,3,-0.053009816132149834,-0.029516807110983173,-7.703465158779888,0.4319368109601608,16,13.913133764617674,-61.11251907623227,-0.9149269686348316,-7.710307240022616,-0.1608849267870951,15
lstm_ic_h384_l2_w20,forward,15,3,-0.053009816132149834,-0.029516807110983173,-7.703465158779888,0.4319368109601608,16,13.913133764617674,-61.11251907623227,-0.8891274000992616,-7.771643014919591,-0.14297108551715498,15
lstm_ic_h256_l3_w40,forward,30,2,-0.047726372062765726,-0.03343103133692727,-7.352879377395689,0.43419664581571493,16,-64.14150222190074,-94.06845723788138,-0.7946145548823561,-7.803957003561139,-0.1050824744711003,15
lstm_ic_h384_l2_w20,forward,20,10,-0.053009816132149834,-0.029516807110983173,-7.703465158779888,0.4319368109601608,16,13.913133764617674,-61.11251907623227,-0.856481256542842,-7.954538607713455,-0.13237629912027837,15
lstm_ic_h256_l3_w40,forward,15,3,-0.047726372062765726,-0.03343103133692727,-7.352879377395689,0.43419664581571493,16,-64.14150222190074,-94.06845723788138,-0.8305798609122563,-8.014319620444072,-0.11878176837989718,15
lstm_ic_h384_l3_w20,forward,5,3,-0.047732990262720765,-0.03407750561820361,-7.648904620760231,0.5684074692265031,16,-6.057088075976931,-63.645638883826905,-0.9464624932359654,-8.043724199580053,-0.20838639693727312,15
lstm_ic_final_h384_l2_w20,forward,30,3,-0.054670368782417295,-0.037646332836654535,-8.873707700462427,0.45019647145660885,16,-14.414500161365135,-71.57052138791187,-0.8368272033083768,-8.118730956751854,-0.1078257605807107,15
lstm_ic_h256_l3_w40,forward,30,1,-0.047726372062765726,-0.03343103133692727,-7.352879377395689,0.43419664581571493,16,-64.14150222190074,-94.06845723788138,-0.7784562522537145,-8.125393294747408,-0.10271934985384257,15
lstm_ic_h384_l2_w20,forward,30,5,-0.053009816132149834,-0.029516807110983173,-7.703465158779888,0.4319368109601608,16,13.913133764617674,-61.11251907623227,-0.8706392485694617,-8.138235941231544,-0.134626967515301,15
lstm_ic_h384_l2_w20,forward,20,5,-0.053009816132149834,-0.029516807110983173,-7.703465158779888,0.4319368109601608,16,13.913133764617674,-61.11251907623227,-0.8901080459007044,-8.160131025886761,-0.1454836164913358,15
lstm_ic_h384_l3_w20,forward,5,5,-0.047732990262720765,-0.03407750561820361,-7.648904620760231,0.5684074692265031,16,-6.057088075976931,-63.645638883826905,-0.9492450049434578,-8.18758256087348,-0.21052786818579128,15
lstm_ic_final_h384_l2_w20,forward,30,5,-0.054670368782417295,-0.037646332836654535,-8.873707700462427,0.45019647145660885,16,-14.414500161365135,-71.57052138791187,-0.8289042446399566,-8.28526435260676,-0.10682579688543092,15
lstm_ic_h256_l3_w40,forward,3,1,-0.047726372062765726,-0.03343103133692727,-7.352879377395689,0.43419664581571493,16,-64.14150222190074,-94.06845723788138,-0.9447827066335001,-8.413924640168698,-0.18697460342059602,15
lstm_ic_h384_l2_w20,forward,15,5,-0.053009816132149834,-0.029516807110983173,-7.703465158779888,0.4319368109601608,16,13.913133764617674,-61.11251907623227,-0.8855824261557355,-8.489883381299272,-0.14157226182171667,15
lstm_ic_h256_l3_w40,forward,5,1,-0.047726372062765726,-0.03343103133692727,-7.352879377395689,0.43419664581571493,16,-64.14150222190074,-94.06845723788138,-0.8696465459992471,-8.493068518977907,-0.14566686969863551,15
lstm_ic_h384_l3_w20,forward,30,1,-0.047732990262720765,-0.03407750561820361,-7.648904620760231,0.5684074692265031,16,-6.057088075976931,-63.645638883826905,-0.7725400452024583,-8.570286456090722,-0.09730044833007023,15
lstm_ic_final_h384_l2_w20,forward,20,10,-0.054670368782417295,-0.037646332836654535,-8.873707700462427,0.45019647145660885,16,-14.414500161365135,-71.57052138791187,-0.8148738384131834,-8.594784069143483,-0.10126930336241657,15
lstm_ic_h384_l2_w20,forward,30,10,-0.053009816132149834,-0.029516807110983173,-7.703465158779888,0.4319368109601608,16,13.913133764617674,-61.11251907623227,-0.8764151496723718,-8.6225209630159,-0.13519857548220848,15
lstm_ic_h384_l3_w20,forward,30,10,-0.047732990262720765,-0.03407750561820361,-7.648904620760231,0.5684074692265031,16,-6.057088075976931,-63.645638883826905,-0.8507487436690331,-8.658997720789378,-0.12276996025864206,15
lstm_ic_h384_l2_w20,forward,15,10,-0.053009816132149834,-0.029516807110983173,-7.703465158779888,0.4319368109601608,16,13.913133764617674,-61.11251907623227,-0.8929571906188831,-8.736252720034809,-0.14447108523083352,15
lstm_ic_h256_l3_w40,forward,15,2,-0.047726372062765726,-0.03343103133692727,-7.352879377395689,0.43419664581571493,16,-64.14150222190074,-94.06845723788138,-0.8229300975518404,-8.835418354400685,-0.1164717439308598,15
lstm_ic_h256_l3_w40,forward,15,1,-0.047726372062765726,-0.03343103133692727,-7.352879377395689,0.43419664581571493,16,-64.14150222190074,-94.06845723788138,-0.8003095302047191,-8.84090593676628,-0.11083764995326473,15
lstm_ic_final_h384_l2_w20,forward,30,2,-0.054670368782417295,-0.037646332836654535,-8.873707700462427,0.45019647145660885,16,-14.414500161365135,-71.57052138791187,-0.8446645227014566,-8.879842640032098,-0.10925287113389637,15
lstm_ic_h384_l3_w20,forward,5,2,-0.047732990262720765,-0.03407750561820361,-7.648904620760231,0.5684074692265031,16,-6.057088075976931,-63.645638883826905,-0.9393956110204041,-8.914147893907275,-0.1988238678889872,15
lstm_ic_final_h384_l2_w20,forward,20,2,-0.054670368782417295,-0.037646332836654535,-8.873707700462427,0.45019647145660885,16,-14.414500161365135,-71.57052138791187,-0.8780930344889757,-8.916684071473064,-0.12347054229676202,15
lstm_ic_final_h384_l2_w20,forward,30,10,-0.054670368782417295,-0.037646332836654535,-8.873707700462427,0.45019647145660885,16,-14.414500161365135,-71.57052138791187,-0.80338311369422,-9.023402427808236,-0.09930180512719256,15
lstm_ic_final_h384_l2_w20,forward,20,1,-0.054670368782417295,-0.037646332836654535,-8.873707700462427,0.45019647145660885,16,-14.414500161365135,-71.57052138791187,-0.856725182996055,-9.09610359593802,-0.11565013661052126,15
lstm_ic_h256_l3_w40,forward,30,3,-0.047726372062765726,-0.03343103133692727,-7.352879377395689,0.43419664581571493,16,-64.14150222190074,-94.06845723788138,-0.8375733162517417,-9.125381967289876,-0.11826831258945858,15
lstm_ic_final_h384_l2_w20,forward,20,3,-0.054670368782417295,-0.037646332836654535,-8.873707700462427,0.45019647145660885,16,-14.414500161365135,-71.57052138791187,-0.8643320585084826,-9.168492837952304,-0.11620141746361334,15
lstm_ic_final_h384_l2_w20,forward,30,1,-0.054670368782417295,-0.037646332836654535,-8.873707700462427,0.45019647145660885,16,-14.414500161365135,-71.57052138791187,-0.8598618804990682,-9.220658596040202,-0.1151539816500401,15
lstm_ic_h256_l3_w40,forward,10,1,-0.047726372062765726,-0.03343103133692727,-7.352879377395689,0.43419664581571493,16,-64.14150222190074,-94.06845723788138,-0.8380359611171787,-9.31442589279457,-0.12672951255276788,15
lstm_ic_final_h384_l2_w20,forward,20,5,-0.054670368782417295,-0.037646332836654535,-8.873707700462427,0.45019647145660885,16,-14.414500161365135,-71.57052138791187,-0.8329609694607886,-9.388706859527476,-0.10596692779844064,15
lstm_ic_h256_l3_w40,forward,30,5,-0.047726372062765726,-0.03343103133692727,-7.352879377395689,0.43419664581571493,16,-64.14150222190074,-94.06845723788138,-0.8415688483998729,-9.477511623946434,-0.11878340039595758,15
lstm_ic_final_h384_l2_w20,forward,15,1,-0.054670368782417295,-0.037646332836654535,-8.873707700462427,0.45019647145660885,16,-14.414500161365135,-71.57052138791187,-0.8645676309301008,-9.527508178346983,-0.12034249050271106,15
lstm_ic_final_h384_l2_w20,forward,15,5,-0.054670368782417295,-0.037646332836654535,-8.873707700462427,0.45019647145660885,16,-14.414500161365135,-71.57052138791187,-0.856710997773702,-9.557919525947053,-0.11419223553390179,15
lstm_ic_h384_l3_w20,forward,5,1,-0.047732990262720765,-0.03407750561820361,-7.648904620760231,0.5684074692265031,16,-6.057088075976931,-63.645638883826905,-0.9407459990105427,-9.60681676376001,-0.196896197627066,15
lstm_ic_h256_l3_w40,forward,20,2,-0.047726372062765726,-0.03343103133692727,-7.352879377395689,0.43419664581571493,16,-64.14150222190074,-94.06845723788138,-0.8278408897242644,-9.613175083570674,-0.11161019790369009,15
lstm_ic_h384_l3_w20,forward,20,10,-0.047732990262720765,-0.03407750561820361,-7.648904620760231,0.5684074692265031,16,-6.057088075976931,-63.645638883826905,-0.8899249200095747,-9.666927632165628,-0.14132721283720906,15
lstm_ic_final_h384_l2_w20,forward,15,10,-0.054670368782417295,-0.037646332836654535,-8.873707700462427,0.45019647145660885,16,-14.414500161365135,-71.57052138791187,-0.8129334256670366,-9.67692369145182,-0.10175901235024054,15
lstm_ic_h256_l3_w40,forward,10,2,-0.047726372062765726,-0.03343103133692727,-7.352879377395689,0.43419664581571493,16,-64.14150222190074,-94.06845723788138,-0.8524889774951518,-9.692729724162369,-0.12762162516384667,15
lstm_ic_final_h384_l2_w20,forward,15,2,-0.054670368782417295,-0.037646332836654535,-8.873707700462427,0.45019647145660885,16,-14.414500161365135,-71.57052138791187,-0.8977491901186297,-9.711120115154001,-0.1317459058711753,15
lstm_ic_h384_l3_w20,forward,30,2,-0.047732990262720765,-0.03407750561820361,-7.648904620760231,0.5684074692265031,16,-6.057088075976931,-63.645638883826905,-0.8620713096079688,-9.75420444297672,-0.12465229167186687,15
lstm_ic_h384_l3_w20,forward,30,5,-0.047732990262720765,-0.03407750561820361,-7.648904620760231,0.5684074692265031,16,-6.057088075976931,-63.645638883826905,-0.8664562592644304,-9.803532837850051,-0.12841024458886896,15
lstm_ic_h256_l3_w40,forward,30,10,-0.047726372062765726,-0.03343103133692727,-7.352879377395689,0.43419664581571493,16,-64.14150222190074,-94.06845723788138,-0.8538621655450112,-9.835523967569124,-0.12298516575515084,15
lstm_ic_h256_l3_w40,forward,15,5,-0.047726372062765726,-0.03343103133692727,-7.352879377395689,0.43419664581571493,16,-64.14150222190074,-94.06845723788138,-0.8831330988932098,-9.953155852345107,-0.13220829318384064,15
lstm_ic_h384_l3_w20,forward,20,1,-0.047732990262720765,-0.03407750561820361,-7.648904620760231,0.5684074692265031,16,-6.057088075976931,-63.645638883826905,-0.8168707144881651,-10.06519042947684,-0.1087533439022016,15
lstm_ic_final_h384_l2_w20,forward,10,5,-0.054670368782417295,-0.037646332836654535,-8.873707700462427,0.45019647145660885,16,-14.414500161365135,-71.57052138791187,-0.842517968003716,-10.168698925890821,-0.11108342218285039,15
lstm_ic_final_h384_l2_w20,forward,10,3,-0.054670368782417295,-0.037646332836654535,-8.873707700462427,0.45019647145660885,16,-14.414500161365135,-71.57052138791187,-0.8644953105510527,-10.176423838305547,-0.1181757994674838,15
lstm_ic_h256_l3_w40,forward,20,3,-0.047726372062765726,-0.03343103133692727,-7.352879377395689,0.43419664581571493,16,-64.14150222190074,-94.06845723788138,-0.8741095643208604,-10.350072276649707,-0.12879838048496262,15
lstm_ic_final_h384_l2_w20,forward,3,1,-0.054670368782417295,-0.037646332836654535,-8.873707700462427,0.45019647145660885,16,-14.414500161365135,-71.57052138791187,-0.906155971643051,-10.3574618076356,-0.1450613645844815,15
lstm_ic_final_h384_l2_w20,forward,15,3,-0.054670368782417295,-0.037646332836654535,-8.873707700462427,0.45019647145660885,16,-14.414500161365135,-71.57052138791187,-0.8499384656979362,-10.412576957127389,-0.11235299667112408,15
lstm_ic_final_h384_l2_w20,forward,10,10,-0.054670368782417295,-0.037646332836654535,-8.873707700462427,0.45019647145660885,16,-14.414500161365135,-71.57052138791187,-0.8471394278660667,-10.536040287651245,-0.11005662854011034,15
lstm_ic_h256_l3_w40,forward,10,3,-0.047726372062765726,-0.03343103133692727,-7.352879377395689,0.43419664581571493,16,-64.14150222190074,-94.06845723788138,-0.9015337806126393,-10.551710071416487,-0.14480054384294483,15
lstm_ic_final_h384_l2_w20,forward,10,1,-0.054670368782417295,-0.037646332836654535,-8.873707700462427,0.45019647145660885,16,-14.414500161365135,-71.57052138791187,-0.9198039929482914,-10.565696997778078,-0.14622620733559644,15
lstm_ic_final_h384_l2_w20,forward,5,1,-0.054670368782417295,-0.037646332836654535,-8.873707700462427,0.45019647145660885,16,-14.414500161365135,-71.57052138791187,-0.9496384845099296,-10.606199465618195,-0.17102905673215774,15
lstm_ic_h384_l3_w20,forward,15,10,-0.047732990262720765,-0.03407750561820361,-7.648904620760231,0.5684074692265031,16,-6.057088075976931,-63.645638883826905,-0.9103355115625212,-10.796373084569991,-0.14931056477515403,15
lstm_ic_h256_l3_w40,forward,20,1,-0.047726372062765726,-0.03343103133692727,-7.352879377395689,0.43419664581571493,16,-64.14150222190074,-94.06845723788138,-0.8287541241574836,-11.052686886639512,-0.11339393355905558,15
lstm_ic_h384_l3_w20,forward,30,3,-0.047732990262720765,-0.03407750561820361,-7.648904620760231,0.5684074692265031,16,-6.057088075976931,-63.645638883826905,-0.8853806293391391,-11.072428600333982,-0.13546801616318882,15
lstm_ic_h384_l3_w20,forward,10,3,-0.047732990262720765,-0.03407750561820361,-7.648904620760231,0.5684074692265031,16,-6.057088075976931,-63.645638883826905,-0.9343898434924245,-11.131579968734373,-0.1659194076676398,15
lstm_ic_h384_l3_w20,forward,10,1,-0.047732990262720765,-0.03407750561820361,-7.648904620760231,0.5684074692265031,16,-6.057088075976931,-63.645638883826905,-0.8880153319752706,-11.14898078190657,-0.14232859252066865,15
lstm_ic_final_h384_l2_w20,forward,5,5,-0.054670368782417295,-0.037646332836654535,-8.873707700462427,0.45019647145660885,16,-14.414500161365135,-71.57052138791187,-0.8905254189900897,-11.185259370498713,-0.12606204609808858,15
lstm_ic_h256_l3_w40,forward,10,5,-0.047726372062765726,-0.03343103133692727,-7.352879377395689,0.43419664581571493,16,-64.14150222190074,-94.06845723788138,-0.9269947145302496,-11.241320069308653,-0.1586853612815804,15
lstm_ic_final_h384_l2_w20,forward,5,3,-0.054670368782417295,-0.037646332836654535,-8.873707700462427,0.45019647145660885,16,-14.414500161365135,-71.57052138791187,-0.8982323349119731,-11.333256910446075,-0.13276126944849154,15
lstm_ic_h256_l3_w40,forward,3,3,-0.047726372062765726,-0.03343103133692727,-7.352879377395689,0.43419664581571493,16,-64.14150222190074,-94.06845723788138,-0.9801908503573507,-11.403117352839722,-0.23801457032828655,15
lstm_ic_h256_l3_w40,forward,5,2,-0.047726372062765726,-0.03343103133692727,-7.352879377395689,0.43419664581571493,16,-64.14150222190074,-94.06845723788138,-0.9510967895552853,-11.492748039098258,-0.18362108850355818,15
lstm_ic_h256_l3_w40,forward,15,10,-0.047726372062765726,-0.03343103133692727,-7.352879377395689,0.43419664581571493,16,-64.14150222190074,-94.06845723788138,-0.9148532382996593,-11.494866124809214,-0.14715999665691315,15
lstm_ic_h384_l3_w20,forward,10,5,-0.047732990262720765,-0.03407750561820361,-7.648904620760231,0.5684074692265031,16,-6.057088075976931,-63.645638883826905,-0.9017864234943472,-11.593665046626537,-0.14849460209691134,15
lstm_ic_h384_l3_w20,forward,10,2,-0.047732990262720765,-0.03407750561820361,-7.648904620760231,0.5684074692265031,16,-6.057088075976931,-63.645638883826905,-0.9351331702822241,-11.66276049759523,-0.16119176288600157,15
lstm_ic_h256_l3_w40,forward,20,10,-0.047726372062765726,-0.03343103133692727,-7.352879377395689,0.43419664581571493,16,-64.14150222190074,-94.06845723788138,-0.9011780807189158,-11.703807686575017,-0.13779505085556842,15
lstm_ic_h256_l3_w40,forward,20,5,-0.047726372062765726,-0.03343103133692727,-7.352879377395689,0.43419664581571493,16,-64.14150222190074,-94.06845723788138,-0.8829570970058372,-11.704432766580014,-0.1314017404394905,15
lstm_ic_h384_l3_w20,forward,20,5,-0.047732990262720765,-0.03407750561820361,-7.648904620760231,0.5684074692265031,16,-6.057088075976931,-63.645638883826905,-0.9124578776964106,-11.800916103312511,-0.1455830729884725,15
lstm_ic_h384_l3_w20,forward,10,10,-0.047732990262720765,-0.03407750561820361,-7.648904620760231,0.5684074692265031,16,-6.057088075976931,-63.645638883826905,-0.9063964074618163,-11.837781507324191,-0.1507205640950987,15
lstm_ic_h256_l3_w40,forward,3,2,-0.047726372062765726,-0.03343103133692727,-7.352879377395689,0.43419664581571493,16,-64.14150222190074,-94.06845723788138,-0.9832757726984076,-11.919747726535864,-0.24580299833280161,15
lstm_ic_h256_l3_w40,forward,5,5,-0.047726372062765726,-0.03343103133692727,-7.352879377395689,0.43419664581571493,16,-64.14150222190074,-94.06845723788138,-0.9465545790793796,-11.950440940256144,-0.17284868353406413,15
lstm_ic_h384_l3_w20,forward,15,5,-0.047732990262720765,-0.03407750561820361,-7.648904620760231,0.5684074692265031,16,-6.057088075976931,-63.645638883826905,-0.9219353675524743,-11.961244860840024,-0.15049220885709313,15
lstm_ic_h384_l3_w20,forward,15,1,-0.047732990262720765,-0.03407750561820361,-7.648904620760231,0.5684074692265031,16,-6.057088075976931,-63.645638883826905,-0.8554500952919282,-11.967914557702606,-0.12117069150103343,15
lstm_ic_h384_l3_w20,forward,20,2,-0.047732990262720765,-0.03407750561820361,-7.648904620760231,0.5684074692265031,16,-6.057088075976931,-63.645638883826905,-0.920512905828634,-12.129536001859735,-0.1515291447499002,15
lstm_ic_h384_l3_w20,forward,20,3,-0.047732990262720765,-0.03407750561820361,-7.648904620760231,0.5684074692265031,16,-6.057088075976931,-63.645638883826905,-0.8999952876717288,-12.13675807911369,-0.14022549999146683,15
lstm_ic_final_h384_l2_w20,forward,3,2,-0.054670368782417295,-0.037646332836654535,-8.873707700462427,0.45019647145660885,16,-14.414500161365135,-71.57052138791187,-0.9445290978131863,-12.450803560601148,-0.17272135204803907,15
lstm_ic_final_h384_l2_w20,forward,10,2,-0.054670368782417295,-0.037646332836654535,-8.873707700462427,0.45019647145660885,16,-14.414500161365135,-71.57052138791187,-0.9050223549348702,-12.473891989227807,-0.13771006298661315,15
lstm_ic_final_h384_l2_w20,forward,3,3,-0.054670368782417295,-0.037646332836654535,-8.873707700462427,0.45019647145660885,16,-14.414500161365135,-71.57052138791187,-0.9536266815639929,-12.762453439779039,-0.1809982284085957,15
lstm_ic_final_h384_l2_w20,forward,5,2,-0.054670368782417295,-0.037646332836654535,-8.873707700462427,0.45019647145660885,16,-14.414500161365135,-71.57052138791187,-0.90582078653069,-12.767733779719242,-0.1387384174570112,15
lstm_ic_h384_l3_w20,forward,15,3,-0.047732990262720765,-0.03407750561820361,-7.648904620760231,0.5684074692265031,16,-6.057088075976931,-63.645638883826905,-0.9250577009382825,-13.12193835208692,-0.14995525997303327,15
lstm_ic_h384_l3_w20,forward,15,2,-0.047732990262720765,-0.03407750561820361,-7.648904620760231,0.5684074692265031,16,-6.057088075976931,-63.645638883826905,-0.922622025870542,-13.324318153746908,-0.14992898111104735,15
lstm_ic_h256_l3_w40,forward,10,10,-0.047726372062765726,-0.03343103133692727,-7.352879377395689,0.43419664581571493,16,-64.14150222190074,-94.06845723788138,-0.9465227728859632,-14.314179306900693,-0.1708609961208314,15
lstm_ic_h256_l3_w40,forward,5,3,-0.047726372062765726,-0.03343103133692727,-7.352879377395689,0.43419664581571493,16,-64.14150222190074,-94.06845723788138,-0.963848147970146,-15.245537429270497,-0.19206734294416505,15
